station_id,region_id,region_name,city,latitude,longitude,elevation_m,pv_kw,tilt_deg,azimuth_deg,performance_ratio,battery_kwh,battery_power_kw,charge_efficiency,discharge_efficiency,commission_rate,sells_immediately
YE-01,yerevan,Ереван,Ереван,40.2221,44.4671,990,5.58,31,174,0.803,10.02,5.01,0.95,0.95,0.1,0
YE-02,yerevan,Ереван,Ереван,40.2292,44.5374,990,5.99,38,180,0.823,11.08,5.54,0.95,0.95,0.1,1
YE-03,yerevan,Ереван,Ереван,40.1158,44.4301,990,7.69,25,179,0.83,14.24,7.12,0.95,0.95,0.1,1
YE-04,yerevan,Ереван,Ереван,40.1542,44.5429,990,3.75,29,179,0.822,5.43,2.71,0.95,0.95,0.1,1
YE-05,yerevan,Ереван,Ереван,40.1882,44.436,990,4.24,40,175,0.764,5.94,2.97,0.95,0.95,0.1,1
YE-06,yerevan,Ереван,Ереван,40.1223,44.5238,990,2.75,34,193,0.806,4.0,2.0,0.95,0.95,0.1,0
SH-01,shirak,Ширак,Гюмри,40.8687,43.795,1550,4.67,29,188,0.811,11.8,4.67,0.95,0.95,0.1,0
SH-02,shirak,Ширак,Гюмри,40.8334,43.8981,1550,4.79,31,184,0.82,12.03,4.79,0.95,0.95,0.1,1
SH-03,shirak,Ширак,Гюмри,40.7994,43.8571,1550,5.28,27,203,0.747,12.52,5.28,0.95,0.95,0.1,1
SH-04,shirak,Ширак,Гюмри,40.7863,43.9002,1550,6.13,32,169,0.78,12.69,6.13,0.95,0.95,0.1,1
SH-05,shirak,Ширак,Гюмри,40.8052,43.7715,1550,6.75,28,170,0.826,12.11,6.05,0.95,0.95,0.1,0
SH-06,shirak,Ширак,Гюмри,40.8682,43.7986,1550,6.74,27,181,0.801,14.42,6.74,0.95,0.95,0.1,0
LO-01,lori,Лори,Ванадзор,40.8325,44.4891,1350,5.08,37,174,0.821,8.1,4.05,0.95,0.95,0.1,0
LO-02,lori,Лори,Ванадзор,40.785,44.4996,1350,3.91,34,176,0.809,7.22,3.61,0.95,0.95,0.1,0
LO-03,lori,Лори,Ванадзор,40.7333,44.5506,1350,5.72,30,177,0.838,12.7,5.72,0.95,0.95,0.1,1
LO-04,lori,Лори,Ванадзор,40.8824,44.4869,1350,5.74,35,186,0.809,12.24,5.74,0.95,0.95,0.1,1
LO-05,lori,Лори,Ванадзор,40.8413,44.5661,1350,6.37,33,164,0.843,12.81,6.37,0.95,0.95,0.1,0
LO-06,lori,Лори,Ванадзор,40.7663,44.4939,1350,7.23,32,173,0.773,17.79,7.23,0.95,0.95,0.1,0
GE-01,gegharkunik,Гегаркуник,Севан,40.4821,44.9004,1900,5.6,35,181,0.836,11.79,5.6,0.95,0.95,0.1,0
GE-02,gegharkunik,Гегаркуник,Севан,40.6058,44.8955,1900,5.54,28,171,0.827,12.57,5.54,0.95,0.95,0.1,1
GE-03,gegharkunik,Гегаркуник,Севан,40.5532,44.9077,1900,2.71,37,187,0.814,7.02,2.71,0.95,0.95,0.1,0
GE-04,gegharkunik,Гегаркуник,Севан,40.5941,44.9049,1900,2.74,35,185,0.812,6.83,2.74,0.95,0.95,0.1,0
GE-05,gegharkunik,Гегаркуник,Севан,40.5409,44.9777,1900,3.19,39,169,0.82,7.98,3.19,0.95,0.95,0.1,0
GE-06,gegharkunik,Гегаркуник,Севан,40.572,44.8913,1900,5.59,33,186,0.823,9.38,4.69,0.95,0.95,0.1,0
SY-01,syunik,Сюник,Капан,39.1724,46.3367,910,3.42,29,180,0.843,5.11,2.56,0.95,0.95,0.1,0
SY-02,syunik,Сюник,Капан,39.2653,46.3886,910,3.49,40,184,0.877,6.33,3.16,0.95,0.95,0.1,0
SY-03,syunik,Сюник,Капан,39.2615,46.4677,910,10.13,33,182,0.799,17.73,8.87,0.95,0.95,0.1,0
SY-04,syunik,Сюник,Капан,39.2038,46.3346,910,4.75,31,183,0.77,9.4,4.7,0.95,0.95,0.1,0
SY-05,syunik,Сюник,Капан,39.2639,46.4668,910,5.5,35,186,0.801,12.74,5.5,0.95,0.95,0.1,0
SY-06,syunik,Сюник,Капан,39.2799,46.3709,910,7.75,34,185,0.846,15.41,7.71,0.95,0.95,0.1,0
